,type,podcaster,title,pub_date,abstract,url
0,liberal,Pod Save America,Republicans' Work Till You Die Agenda,"Mar 15, 2024","Donald Trump tries to walk back his comments on cutting Medicare and Social Security while Joe Biden goes on offense during a campaign swing in Wisconsin and Michigan. Kamala Harris becomes the highest ranking government official to visit an abortion clinic and RFK Jr. praises Aaron Rodgers as a ""critical thinker"" after he's reported to be a Sandy Hook truther. Later, EPA Administrator Michael Regan stops by the studio to talk to Tommy about clean energy and environmental justice.",https://pdst.fm/e/chrt.fm/track/479722/arttrk.com/p/CRMDA/claritaspod.com/measure/pscrb.fm/rss/p/stitcher.simplecastaudio.com/9aa1e238-cbed-4305-9808-c9228fc6dd4f/episodes/a53b7b1e-da35-44c4-a346-6acf9c2962c3/audio/128/default.mp3?aid=rss_feed&awCollectionId=9aa1e238-cbed-4305-9808-c9228fc6dd4f&awEpisodeId=a53b7b1e-da35-44c4-a346-6acf9c2962c3&feed=dxZsm5kX
1,liberal,Pod Save America,Trump's TikTok Dance,"Mar 14, 2024","Jon Favreau and guest host Jane Coaston discuss why Robert Hur's Capitol Hill testimony infuriated both Republicans and Democrats, the potential TikTok ban that Donald Trump no longer supports, RFK Jr. reportedly considering Aaron Rodgers as his running mate, and whether Republican politicians are too online to win this election.",https://pdst.fm/e/chrt.fm/track/479722/arttrk.com/p/CRMDA/claritaspod.com/measure/pscrb.fm/rss/p/stitcher.simplecastaudio.com/9aa1e238-cbed-4305-9808-c9228fc6dd4f/episodes/5df2aedb-727b-41af-b99d-ab9838c7d5e5/audio/128/default.mp3?aid=rss_feed&awCollectionId=9aa1e238-cbed-4305-9808-c9228fc6dd4f&awEpisodeId=5df2aedb-727b-41af-b99d-ab9838c7d5e5&feed=dxZsm5kX
2,liberal,Pod Save America,Biden’s in His Jacked-Up Joe Era,"Mar 12, 2024","President Biden’s re-election effort kicks into high gear, including a 30 million dollar ad buy and a run of campaign stops in battleground states. Meanwhile, Donald Trump launches his campaign by mocking Joe Biden’s stutter, hosting a concert for Viktor Orban, and floating cuts to Medicare and Social Security. Alabama Senator Katie Britt and Republicans are still dealing with the fallout from what may have been the worst-ever State of the Union response. And later, producer Elijah Cone joins the pod for a round of Take Appreciator.

For a closed-captioned version of this episode, click here. For a transcript of this episode, please email transcripts@crooked.com and include the name of the podcast.",https://pdst.fm/e/chrt.fm/track/479722/arttrk.com/p/CRMDA/claritaspod.com/measure/pscrb.fm/rss/p/stitcher.simplecastaudio.com/9aa1e238-cbed-4305-9808-c9228fc6dd4f/episodes/cbdbaa8d-f6ff-4129-912f-24139326f4aa/audio/128/default.mp3?aid=rss_feed&awCollectionId=9aa1e238-cbed-4305-9808-c9228fc6dd4f&awEpisodeId=cbdbaa8d-f6ff-4129-912f-24139326f4aa&feed=dxZsm5kX
3,liberal,Pod Save America,Biden's Fiery State of the Union,"Mar 8, 2024","Jon and Dan break down the highlights of what might be the biggest speech of Joe Biden's re-election campaign so far, from his hits on Donald Trump to his defense of reproductive rights and tax fairness for working families. Then, White House Press Secretary Karine Jean-Pierre stops by to talk about the new policy initiatives Biden will be pushing in the months ahead.

For a closed-captioned version of this episode, click here. For a transcript of this episode, please email transcripts@crooked.com and include the name of the podcast.",https://pdst.fm/e/chrt.fm/track/479722/arttrk.com/p/CRMDA/claritaspod.com/measure/pscrb.fm/rss/p/stitcher.simplecastaudio.com/9aa1e238-cbed-4305-9808-c9228fc6dd4f/episodes/223673ae-e301-47ba-b1ac-2c1c2b00c71d/audio/128/default.mp3?aid=rss_feed&awCollectionId=9aa1e238-cbed-4305-9808-c9228fc6dd4f&awEpisodeId=223673ae-e301-47ba-b1ac-2c1c2b00c71d&feed=dxZsm5kX
4,liberal,Pod Save America,The Biden-Trump Rematch Begins,"Mar 6, 2024","Nikki Haley suspends her campaign and doesn’t endorse Trump. Adam Schiff finishes first in California’s primary, Colin Allred will face Ted Cruz in Texas and Ruben Gallego goes against Kari Lake in Arizona as Kristen Sinema announces she will not run for reelection. North Carolina Republicans nominate Holocaust denier Mark Robinson for Governor. And Joe Biden prepares for his State of the Union speech.

For a closed-captioned version of this episode, click here. For a transcript of this episode, please email transcripts@crooked.com and include the name of the podcast.",https://pdst.fm/e/chrt.fm/track/479722/arttrk.com/p/CRMDA/claritaspod.com/measure/pscrb.fm/rss/p/stitcher.simplecastaudio.com/9aa1e238-cbed-4305-9808-c9228fc6dd4f/episodes/1a02523d-2a33-4b4d-b0ee-f4b15a933212/audio/128/default.mp3?aid=rss_feed&awCollectionId=9aa1e238-cbed-4305-9808-c9228fc6dd4f&awEpisodeId=1a02523d-2a33-4b4d-b0ee-f4b15a933212&feed=dxZsm5kX
5,liberal,Pod Save America,Supreme Court Refuses to Exonerate Trump for Jan. 6th,"Mar 5, 2024","The Supreme Court issues a unanimous decision that Donald Trump cannot be kicked off the ballot by the state of Colorado. Nikki Haley wins the DC primary and won’t commit to endorsing Trump. Joe Biden gets another batch of bad polls and gives a long interview about his thinking on the presidential race. California gears up for a big Senate primary as part of the Super Tuesday contests. And later, Congressman Ro Khanna talks to Tommy about Gaza, the Democratic Party, and 2024.

For a closed-captioned version of this episode, click here. For a transcript of this episode, please email transcripts@crooked.com and include the name of the podcast.",https://pdst.fm/e/chrt.fm/track/479722/arttrk.com/p/CRMDA/claritaspod.com/measure/pscrb.fm/rss/p/stitcher.simplecastaudio.com/9aa1e238-cbed-4305-9808-c9228fc6dd4f/episodes/21085342-7d69-4bec-83b0-173ace4d78d5/audio/128/default.mp3?aid=rss_feed&awCollectionId=9aa1e238-cbed-4305-9808-c9228fc6dd4f&awEpisodeId=21085342-7d69-4bec-83b0-173ace4d78d5&feed=dxZsm5kX
6,liberal,Pod Save America,Did the Supreme Court Just Save Trump?,"Mar 1, 2024","Donald Trump and President Biden hold dueling events at the Texas border as the issue of immigration becomes a top concern for voters. Mitch McConnell says he’s stepping down from Senate leadership after years of enabling Trump. House Republicans' sham impeachment investigation blows up in their faces. RFK Jr. gets a step closer to being on the ballot in Arizona and Georgia. And later, Strict Scrutiny’s Leah Litman stops by to talk about the Supreme Court’s latest gift to Donald Trump in the presidential immunity case.

For a closed-captioned version of this episode, click here. For a transcript of this episode, please email transcripts@crooked.com and include the name of the podcast.",https://pdst.fm/e/chrt.fm/track/479722/arttrk.com/p/CRMDA/claritaspod.com/measure/pscrb.fm/rss/p/stitcher.simplecastaudio.com/9aa1e238-cbed-4305-9808-c9228fc6dd4f/episodes/d1bb158c-236c-4cb4-a8cc-642eb0764263/audio/128/default.mp3?aid=rss_feed&awCollectionId=9aa1e238-cbed-4305-9808-c9228fc6dd4f&awEpisodeId=d1bb158c-236c-4cb4-a8cc-642eb0764263&feed=dxZsm5kX
7,liberal,Pod Save America,Pete Buttigieg on the Michigan Primary and Whether You Should Fly on a 737 Max (feat. Mehdi Hasan),"Feb 28, 2024","Jon Favreau and Mehdi Hasan break down Biden and Trump’s big victories in the Michigan primary, whether the President can get a ceasefire deal, and Biden's interview with Seth Meyers. Then, Secretary of Transportation Pete Buttigieg stops by to talk about safety issues at Boeing, the GOP's attack on IVF, and why it’s so hard to get the _Frozen_ soundtrack out of your head.

For a closed-captioned version of this episode, click here. For a transcript of this episode, please email transcripts@crooked.com and include the name of the podcast.",https://pdst.fm/e/chrt.fm/track/479722/arttrk.com/p/CRMDA/claritaspod.com/measure/pscrb.fm/rss/p/stitcher.simplecastaudio.com/9aa1e238-cbed-4305-9808-c9228fc6dd4f/episodes/603feca5-612c-40ee-8fd3-d4d6d4a8d82c/audio/128/default.mp3?aid=rss_feed&awCollectionId=9aa1e238-cbed-4305-9808-c9228fc6dd4f&awEpisodeId=603feca5-612c-40ee-8fd3-d4d6d4a8d82c&feed=dxZsm5kX
8,liberal,Pod Save America,Will Trump Win Back Haley Voters?,"Feb 27, 2024","Nikki Haley loses the South Carolina primary by 20 points but vows to stay in the race. Donald Trump starts to make a play for her voters—and pivots to the general election with some great reminders of why he lost the last one. Nazis get a warm welcome at CPAC, and attendees throw their support behind VP hopefuls Kristi Noem and Vivek Ramaswamy. And later, Lovett talks with MSNBC’s Andrew Weissmann and Strict Scrutiny’s Melissa Murray about all the latest Trump legal news and their new book, The Trump Indictments.

For a closed-captioned version of this episode, click here. For a transcript of this episode, please email transcripts@crooked.com and include the name of the podcast.",https://pdst.fm/e/chrt.fm/track/479722/arttrk.com/p/CRMDA/claritaspod.com/measure/pscrb.fm/rss/p/stitcher.simplecastaudio.com/9aa1e238-cbed-4305-9808-c9228fc6dd4f/episodes/05b1980b-830c-484e-91da-9d5c078f142e/audio/128/default.mp3?aid=rss_feed&awCollectionId=9aa1e238-cbed-4305-9808-c9228fc6dd4f&awEpisodeId=05b1980b-830c-484e-91da-9d5c078f142e&feed=dxZsm5kX
9,liberal,Pod Save America,"Trump's 2nd Term: Military in the Streets, Mike Johnson in the Sheets","Feb 23, 2024","Trump and his allies make it clear that a second term would be much more extreme than the first, from Christian nationalists running the White House to military raids and internment camps. The Alabama Supreme Court's ruling that stopped IVF in the state could be a sign of things to come. Nikki Haley says she plans to stay in the race no matter what happens in Saturday’s South Carolina primary and Joe Biden provides student debt relief to another 150,000 Americans. Finally, Wisconsin Democratic Party Chair Ben Wikler joins to talk about the new legislative maps that have finally ended one of the worst gerrymanders in the country.

For a closed-captioned version of this episode, click here. For a transcript of this episode, please email transcripts@crooked.com and include the name of the podcast.",https://pdst.fm/e/chrt.fm/track/479722/arttrk.com/p/CRMDA/claritaspod.com/measure/pscrb.fm/rss/p/stitcher.simplecastaudio.com/9aa1e238-cbed-4305-9808-c9228fc6dd4f/episodes/382c512e-a893-4c1f-b237-162d14912e45/audio/128/default.mp3?aid=rss_feed&awCollectionId=9aa1e238-cbed-4305-9808-c9228fc6dd4f&awEpisodeId=382c512e-a893-4c1f-b237-162d14912e45&feed=dxZsm5kX
10,liberal,Pod Save America,Debating Biden's Gaza Problem (with Mehdi Hasan),"Feb 21, 2024","Tommy and guest host Mehdi Hasan break down the Biden administration's record on Gaza, what should happen next, and how the ongoing violence could hurt Biden in Michigan and beyond. Plus, the latest on House Republicans' impeachment trainwreck, Donald Trump co-opting Alexei Navalny's legacy, and Tucker Carlson's softball interview with Vladimir Putin.

For a closed-captioned version of this episode, click here. For a transcript of this episode, please email transcripts@crooked.com and include the name of the podcast.",https://pdst.fm/e/chrt.fm/track/479722/arttrk.com/p/CRMDA/claritaspod.com/measure/pscrb.fm/rss/p/stitcher.simplecastaudio.com/9aa1e238-cbed-4305-9808-c9228fc6dd4f/episodes/06ae1077-23dc-4afe-8284-d5fa50a753f6/audio/128/default.mp3?aid=rss_feed&awCollectionId=9aa1e238-cbed-4305-9808-c9228fc6dd4f&awEpisodeId=06ae1077-23dc-4afe-8284-d5fa50a753f6&feed=dxZsm5kX
11,liberal,Pod Save America,"Build The Life You Want, Episode 1 with Oprah Winfrey","Feb 20, 2024","From the first official primaries to the unofficial ramp-up of the general election, this has been a long year, which is a problem, because it’s only February. So we’re excited to share an exclusive clip of “Build The Life You Want” from Oprah Winfrey’s Super Soul podcast that will help you prepare your mental being for the stressful year ahead. Each week, she finds new ways to awaken, discover, and connect to the deeper meaning of the world around you, none of which are “spend more time staring at poll numbers.”",https://pdst.fm/e/chrt.fm/track/479722/arttrk.com/p/CRMDA/claritaspod.com/measure/pscrb.fm/rss/p/stitcher.simplecastaudio.com/9aa1e238-cbed-4305-9808-c9228fc6dd4f/episodes/b5163775-00b9-4317-98b1-a60ae487ab10/audio/128/default.mp3?aid=rss_feed&awCollectionId=9aa1e238-cbed-4305-9808-c9228fc6dd4f&awEpisodeId=b5163775-00b9-4317-98b1-a60ae487ab10&feed=dxZsm5kX
12,liberal,Pod Save America,Huge Verdict Against Trump (with Sen. Elizabeth Warren!),"Feb 18, 2024","In a special Presidents Day episode, Jon, Jon, and Tommy react to the $355 million verdict in Donald Trump's civil fraud case, speculation that Trump will back a national abortion ban, and Joe Manchin's big news. Then, Elizabeth Warren stops by the studio to talk about selling Joe Biden's accomplishments, and the urgency of pushing back on the Netanyahu government and ending the violence in Gaza.

For a closed-captioned version of this episode, click here. For a transcript of this episode, please email transcripts@crooked.com and include the name of the podcast.",https://pdst.fm/e/chrt.fm/track/479722/arttrk.com/p/CRMDA/claritaspod.com/measure/pscrb.fm/rss/p/stitcher.simplecastaudio.com/9aa1e238-cbed-4305-9808-c9228fc6dd4f/episodes/914d8212-927d-4679-b710-3c654b5ade80/audio/128/default.mp3?aid=rss_feed&awCollectionId=9aa1e238-cbed-4305-9808-c9228fc6dd4f&awEpisodeId=914d8212-927d-4679-b710-3c654b5ade80&feed=dxZsm5kX
13,liberal,Pod Save America,Trump’s Get Out Of Jail Free Campaign (w/ Gov. Tim Walz),"Feb 16, 2024","Joe Biden goes on offense, Nikki Haley calls Donald Trump unhinged, and Trump's hush money case gets a court date while his Georgia case gets complicated. Later, Minnesota Governor Tim Walz sits down with Tommy to talk about how much you can get done when Democrats have full control of the legislature.

For a closed-captioned version of this episode, click here. For a transcript of this episode, please email transcripts@crooked.com and include the name of the podcast.",https://pdst.fm/e/chrt.fm/track/479722/arttrk.com/p/CRMDA/claritaspod.com/measure/pscrb.fm/rss/p/stitcher.simplecastaudio.com/9aa1e238-cbed-4305-9808-c9228fc6dd4f/episodes/c64c23e7-485b-4add-b174-a361a02d74ae/audio/128/default.mp3?aid=rss_feed&awCollectionId=9aa1e238-cbed-4305-9808-c9228fc6dd4f&awEpisodeId=c64c23e7-485b-4add-b174-a361a02d74ae&feed=dxZsm5kX
14,liberal,Pod Save America,Will Chris Christie Back Biden?,"Feb 14, 2024","Democrats win George Santos’s seat back, the House impeaches the Homeland Security Secretary instead of addressing the border crisis, and Biden joins TikTok. Addisu Demissie joins Lovett to break down the news and Chris Christie talks about what it will take to defeat Trump and whether he will support Biden in order to do it.

For a closed-captioned version of this episode, click here. For a transcript of this episode, please email transcripts@crooked.com and include the name of the podcast.",https://pdst.fm/e/chrt.fm/track/479722/arttrk.com/p/CRMDA/claritaspod.com/measure/pscrb.fm/rss/p/stitcher.simplecastaudio.com/9aa1e238-cbed-4305-9808-c9228fc6dd4f/episodes/0d948687-3a94-4d0a-aebf-ed24247bd346/audio/128/default.mp3?aid=rss_feed&awCollectionId=9aa1e238-cbed-4305-9808-c9228fc6dd4f&awEpisodeId=0d948687-3a94-4d0a-aebf-ed24247bd346&feed=dxZsm5kX
15,liberal,Pod Save America,How Biden Can Handle the Age Thing,"Feb 13, 2024","Joe Biden and the Democratic Party wrestle with concerns about the President's age in the wake of the Special Counsel's report calling him ""a well-meaning elderly man with a poor memory."" Donald Trump pops up at a rally in South Carolina to remind everyone that he's an elderly man with a poor memory who doesn't mean well at all. And later, former Representative Mondaire Jones stops by the studio to talk about disfunction in Congress, how control of the House might hinge on New York races like his, and today's big special election to replace George Santos.

For a closed-captioned version of this episode, click here. For a transcript of this episode, please email transcripts@crooked.com and include the name of the podcast.",https://pdst.fm/e/chrt.fm/track/479722/arttrk.com/p/CRMDA/claritaspod.com/measure/pscrb.fm/rss/p/stitcher.simplecastaudio.com/9aa1e238-cbed-4305-9808-c9228fc6dd4f/episodes/45cf7ab3-a78d-413f-b2d4-a69d6eb4b863/audio/128/default.mp3?aid=rss_feed&awCollectionId=9aa1e238-cbed-4305-9808-c9228fc6dd4f&awEpisodeId=45cf7ab3-a78d-413f-b2d4-a69d6eb4b863&feed=dxZsm5kX
16,liberal,Pod Save America,Will the Supreme Court Upend 2024?,"Feb 9, 2024","Republicans find creative new ways to humiliate themselves for Donald Trump. The Supreme Court hears oral arguments in Colorado’s 14th amendment case against Trump, and Special Counsel Robert Hur won't charge Biden for mishandling classified documents. Then, Jon and Dan put their dignity on the line and place bets on the Super Bowl in our new game: All Bets Are (Shaken) Off.

For a closed-captioned version of this episode, click here. For a transcript of this episode, please email transcripts@crooked.com and include the name of the podcast.",https://pdst.fm/e/chrt.fm/track/479722/arttrk.com/p/CRMDA/claritaspod.com/measure/pscrb.fm/rss/p/stitcher.simplecastaudio.com/9aa1e238-cbed-4305-9808-c9228fc6dd4f/episodes/082b8836-e427-4366-a1c2-175cb1497420/audio/128/default.mp3?aid=rss_feed&awCollectionId=9aa1e238-cbed-4305-9808-c9228fc6dd4f&awEpisodeId=082b8836-e427-4366-a1c2-175cb1497420&feed=dxZsm5kX
17,liberal,Pod Save America,"Trump Loses Immunity, Johnson Loses Control","Feb 7, 2024","A vote to impeach Homeland Security Secretary Alejandro Mayorkas fails and Republicans turn on each other over the border fight. Nikki Haley loses Nevada to “none of the above.” And the DC circuit court rules against Trump’s pitch that he’s not beholden to federal laws. Politico congressional correspondent Daniella Diaz, Nevada political reporter Jon Ralston, and Strict Scrutiny co-host Kate Shaw join to walk through the latest.

For a closed-captioned version of this episode, click here. For a transcript of this episode, please email transcripts@crooked.com and include the name of the podcast.",https://pdst.fm/e/chrt.fm/track/479722/arttrk.com/p/CRMDA/claritaspod.com/measure/pscrb.fm/rss/p/stitcher.simplecastaudio.com/9aa1e238-cbed-4305-9808-c9228fc6dd4f/episodes/0064894d-f1c6-48e0-bb64-6a8fe01f977a/audio/128/default.mp3?aid=rss_feed&awCollectionId=9aa1e238-cbed-4305-9808-c9228fc6dd4f&awEpisodeId=0064894d-f1c6-48e0-bb64-6a8fe01f977a&feed=dxZsm5kX
18,liberal,Pod Save America,Trump Stokes Border Chaos,"Feb 6, 2024","Lead Democratic negotiator Senator Chris Murphy joins the pod to talk about the bipartisan senate border security bill, GOP push-back, and sending conditional aid to Israel. Later, Trump throws RNC Chair Ronna McDaniel under the bus while praising Xi Jinping. Nikki Haley makes a surprise appearance on SNL and the US launches more strikes against Iranian proxies in Iraq and Syria, while Trump stays silent on the conflict.

For a closed-captioned version of this episode, click here. For a transcript of this episode, please email transcripts@crooked.com and include the name of the podcast.",https://pdst.fm/e/chrt.fm/track/479722/arttrk.com/p/CRMDA/claritaspod.com/measure/pscrb.fm/rss/p/stitcher.simplecastaudio.com/9aa1e238-cbed-4305-9808-c9228fc6dd4f/episodes/af1b9298-c2d7-4d81-8d07-3e03bd766e21/audio/128/default.mp3?aid=rss_feed&awCollectionId=9aa1e238-cbed-4305-9808-c9228fc6dd4f&awEpisodeId=af1b9298-c2d7-4d81-8d07-3e03bd766e21&feed=dxZsm5kX
19,liberal,Pod Save America,The Biden-Trump Polls are All Over the Place,"Feb 2, 2024","Nikki Haley's campaign claims she has a path to the Republican nomination without winning Republican voters. The Biden-Trump polls are all over the place. Joe Manchin, RFK Jr. and others continue to flirt with third party presidential bids that could tip the election to Trump. Plus, Ohio Senator Sherrod Brown stops by to talk about his high stakes Senate race, the fight for reproductive rights, and the one year anniversary of the East Palestine train derailment.

For a closed-captioned version of this episode, click here. For a transcript of this episode, please email transcripts@crooked.com and include the name of the podcast.",https://pdst.fm/e/chrt.fm/track/479722/arttrk.com/p/CRMDA/claritaspod.com/measure/pscrb.fm/rss/p/stitcher.simplecastaudio.com/9aa1e238-cbed-4305-9808-c9228fc6dd4f/episodes/65daa8bf-5ffc-46b5-9a99-1b64c3e320b1/audio/128/default.mp3?aid=rss_feed&awCollectionId=9aa1e238-cbed-4305-9808-c9228fc6dd4f&awEpisodeId=65daa8bf-5ffc-46b5-9a99-1b64c3e320b1&feed=dxZsm5kX
20,liberal,Pod Save America,Trumpworld Takes on Taylor Swift,"Jan 31, 2024","Strict Scrutiny's Leah Litman joins Jon Favreau to puzzle through the right's new Taylor Swift obsession, take stock of Donald Trump's mounting legal problems, and explain why some Republicans are threatening a new civil war over the Supreme Court's border ruling. Then, Dan Pfeiffer speaks to Biden-Harris deputy campaign managers Quentin Fulks and Rob Flaherty about their plans to mobilize voters, fight disinformation, and win the election.

For a closed-captioned version of this episode, click here. For a transcript of this episode, please email transcripts@crooked.com and include the name of the podcast.",https://pdst.fm/e/chrt.fm/track/479722/arttrk.com/p/CRMDA/claritaspod.com/measure/pscrb.fm/rss/p/stitcher.simplecastaudio.com/9aa1e238-cbed-4305-9808-c9228fc6dd4f/episodes/5f43467d-85e1-45f0-8ade-fb456640c5bc/audio/128/default.mp3?aid=rss_feed&awCollectionId=9aa1e238-cbed-4305-9808-c9228fc6dd4f&awEpisodeId=5f43467d-85e1-45f0-8ade-fb456640c5bc&feed=dxZsm5kX
21,liberal,Pod Save America,Biden and Haley Tag Team Trump,"Jan 30, 2024","On Trump's orders, Republicans in Congress double down on killing the bipartisan border deal. Both Joe Biden and Nikki Haley hit Trump's memory lapses while campaigning in South Carolina. And, the Biden Campaign starts to preview its 2024 strategy—including a big surrogate operation, empowering social media influencers, and—maybe!—an endorsement from Taylor Swift.

For a closed-captioned version of this episode, click here. For a transcript of this episode, please email transcripts@crooked.com and include the name of the podcast.",https://pdst.fm/e/chrt.fm/track/479722/arttrk.com/p/CRMDA/claritaspod.com/measure/pscrb.fm/rss/p/stitcher.simplecastaudio.com/9aa1e238-cbed-4305-9808-c9228fc6dd4f/episodes/d45717b9-3275-4b57-a1ae-203339105328/audio/128/default.mp3?aid=rss_feed&awCollectionId=9aa1e238-cbed-4305-9808-c9228fc6dd4f&awEpisodeId=d45717b9-3275-4b57-a1ae-203339105328&feed=dxZsm5kX
22,liberal,Pod Save America,Liz Cheney on the Cult of Trump,"Jan 26, 2024","Former Congresswoman and Vice Chair of the January 6th select committee Liz Cheney joins the pod to discuss the dangers of a second Trump term, his chokehold on the Republican party and why she thinks Nikki Haley needs to stay in the GOP primary. Plus, more on Mitch McConnell’s about-face on the bipartisan Senate immigration deal and President Biden's endorsement from the United Auto Workers Union.

For a closed-captioned version of this episode, click here. For a transcript of this episode, please email transcripts@crooked.com and include the name of the podcast.",https://pdst.fm/e/chrt.fm/track/479722/arttrk.com/p/CRMDA/claritaspod.com/measure/pscrb.fm/rss/p/stitcher.simplecastaudio.com/9aa1e238-cbed-4305-9808-c9228fc6dd4f/episodes/3ba9cf53-a41c-4159-9b3b-ac4096cebe6e/audio/128/default.mp3?aid=rss_feed&awCollectionId=9aa1e238-cbed-4305-9808-c9228fc6dd4f&awEpisodeId=3ba9cf53-a41c-4159-9b3b-ac4096cebe6e&feed=dxZsm5kX
23,liberal,Pod Save America,"Trump Wins New Hampshire, Rages at Haley","Jan 24, 2024","Donald Trump wins the New Hampshire primary by a smaller margin than expected and returns to form during his victory speech. Despite her loss, Nikki Haley stays in the race and sets her sights on South Carolina. And later, President Biden kicks off the general election with a rally and ad focused on abortion access.

For a closed-captioned version of this episode, click here. For a transcript of this episode, please email transcripts@crooked.com and include the name of the podcast.",https://pdst.fm/e/chrt.fm/track/479722/arttrk.com/p/CRMDA/claritaspod.com/measure/pscrb.fm/rss/p/stitcher.simplecastaudio.com/9aa1e238-cbed-4305-9808-c9228fc6dd4f/episodes/1e7e9eeb-9d4b-4110-82ef-e63185cd1d84/audio/128/default.mp3?aid=rss_feed&awCollectionId=9aa1e238-cbed-4305-9808-c9228fc6dd4f&awEpisodeId=1e7e9eeb-9d4b-4110-82ef-e63185cd1d84&feed=dxZsm5kX
24,liberal,Pod Save America,More Like GONE DeSantis (w/Gavin Newsom!),"Jan 23, 2024","Ron DeSantis ends his campaign for president and endorses the man who relentlessly bullied him. Nikki Haley questions Donald Trump’s mental fitness after he has a few senior moments on the campaign trail. Meanwhile, Trump is up double digits in New Hampshire and winning all kinds of endorsements from Republican politicians. And later, Tommy talks with California Governor Gavin Newsom about Democratic messaging, the Republican primary, and his dream Coachella lineup.

crooked.supercast.com

For a closed-captioned version of this episode, click here. For a transcript of this episode, please email transcripts@crooked.com and include the name of the podcast.",https://pdst.fm/e/chrt.fm/track/479722/arttrk.com/p/CRMDA/claritaspod.com/measure/pscrb.fm/rss/p/stitcher.simplecastaudio.com/9aa1e238-cbed-4305-9808-c9228fc6dd4f/episodes/96c62006-3610-464a-aa09-eb7ea811e2d5/audio/128/default.mp3?aid=rss_feed&awCollectionId=9aa1e238-cbed-4305-9808-c9228fc6dd4f&awEpisodeId=96c62006-3610-464a-aa09-eb7ea811e2d5&feed=dxZsm5kX
25,liberal,Pod Save America,Trump Goes Birther on Haley,"Jan 19, 2024","With the New Hampshire primary just five days away, Trump attacks Nikki Haley using an all-too-familiar line of attack. The Granite State is Haley's last, best chance—but is she even fighting to win it anymore? New Hampshire Public Radio's Josh Rogers stops by to talk about what he's seeing—and what's missing—on the campaign trail.

For a closed-captioned version of this episode, click here. For a transcript of this episode, please email transcripts@crooked.com and include the name of the podcast.",https://pdst.fm/e/chrt.fm/track/479722/arttrk.com/p/CRMDA/claritaspod.com/measure/pscrb.fm/rss/p/stitcher.simplecastaudio.com/9aa1e238-cbed-4305-9808-c9228fc6dd4f/episodes/82c921af-f839-4de5-99a3-10906e957720/audio/128/default.mp3?aid=rss_feed&awCollectionId=9aa1e238-cbed-4305-9808-c9228fc6dd4f&awEpisodeId=82c921af-f839-4de5-99a3-10906e957720&feed=dxZsm5kX
26,liberal,Pod Save America,Did Trump's Iowa win change anything?,"Jan 17, 2024","Tim Miller joins Lovett and Tommy to talk about Donald Trump’s blowout win in Iowa and what’s next in the Republican primary. Ron DeSantis defies the media (and common sense) by remaining in the primary. Nikki Haley declares it a two-person race and refuses to debate anyone but Trump or Biden. Meanwhile, Trump is still on track to be the nominee and back in court.

For a closed-captioned version of this episode, click here. For a transcript of this episode, please email transcripts@crooked.com and include the name of the podcast.",https://pdst.fm/e/chrt.fm/track/479722/arttrk.com/p/CRMDA/claritaspod.com/measure/pscrb.fm/rss/p/stitcher.simplecastaudio.com/9aa1e238-cbed-4305-9808-c9228fc6dd4f/episodes/3e3c5e42-c2dc-4021-ac8d-8019b7d57579/audio/128/default.mp3?aid=rss_feed&awCollectionId=9aa1e238-cbed-4305-9808-c9228fc6dd4f&awEpisodeId=3e3c5e42-c2dc-4021-ac8d-8019b7d57579&feed=dxZsm5kX
27,liberal,Pod Save America,"Trump Wins, DeSantis Whines, Haley Withstands","Jan 16, 2024","Donald Trump wins a landslide victory in the Iowa caucuses and moves closer to capturing the Republican nomination. Ron DeSantis barely wins the race for a distant second place but vows to keep losing, while Lovett's new crush Nikki Haley looks to upset Trump in New Hampshire. Meanwhile, Vivek Ramaswamy calls it quits and President Biden announces strong fourth quarter fundraising numbers as a re-match with Trump looms.

For a closed-captioned version of this episode, click here. For a transcript of this episode, please email transcripts@crooked.com and include the name of the podcast.",https://pdst.fm/e/chrt.fm/track/479722/arttrk.com/p/CRMDA/claritaspod.com/measure/pscrb.fm/rss/p/stitcher.simplecastaudio.com/9aa1e238-cbed-4305-9808-c9228fc6dd4f/episodes/29981f90-e020-4e38-9bcc-8cce72c0e2b5/audio/128/default.mp3?aid=rss_feed&awCollectionId=9aa1e238-cbed-4305-9808-c9228fc6dd4f&awEpisodeId=29981f90-e020-4e38-9bcc-8cce72c0e2b5&feed=dxZsm5kX
28,liberal,Pod Save America,On the Ground in Iowa: The Race for Second Place,"Jan 12, 2024","Less than two weeks before the caucuses, Tommy heads to Iowa to spend a few days going to campaign events, talking with voters, and taking the pulse of the race for second place. He attends two Ron DeSantis events—and learns the Florida governor is as boring as everyone says—interviews Vivek Ramaswamy on his campaign bus, and sneaks into a Nikki Haley event. With just a few days of campaigning to go, do any of these candidates have the momentum to beat expectations in Iowa and defeat Donald Trump?

For a closed-captioned version of this episode, click here. For a transcript of this episode, please email transcripts@crooked.com and include the name of the podcast.",https://pdst.fm/e/chrt.fm/track/479722/arttrk.com/p/CRMDA/claritaspod.com/measure/pscrb.fm/rss/p/stitcher.simplecastaudio.com/9aa1e238-cbed-4305-9808-c9228fc6dd4f/episodes/762fe47d-968b-4226-8bb2-d9893f058c9d/audio/128/default.mp3?aid=rss_feed&awCollectionId=9aa1e238-cbed-4305-9808-c9228fc6dd4f&awEpisodeId=762fe47d-968b-4226-8bb2-d9893f058c9d&feed=dxZsm5kX
29,liberal,Pod Save America,On the Ground in Iowa: The Inevitability Problem,"Jan 10, 2024","Tommy takes a look at the 2024 Iowa Caucuses and their impact on the 2024 presidential race, asking the all-important question — does this even matter anymore? With Trump leading every poll, it can feel like the first-in-the-nation vote is nothing more than a battle for second place. But the Des Moines Register’s Brianne Pfannenstiel, Iowa State University pollster Dave Peterson, and GOP insider David Kochel make the case for how Iowa could still shape the Republican primary.

For a closed-captioned version of this episode, click here. For a transcript of this episode, please email transcripts@crooked.com and include the name of the podcast.",https://pdst.fm/e/chrt.fm/track/479722/arttrk.com/p/CRMDA/claritaspod.com/measure/pscrb.fm/rss/p/stitcher.simplecastaudio.com/9aa1e238-cbed-4305-9808-c9228fc6dd4f/episodes/e3f8db5e-4ee7-4ad8-a23f-2ebea9c48a76/audio/128/default.mp3?aid=rss_feed&awCollectionId=9aa1e238-cbed-4305-9808-c9228fc6dd4f&awEpisodeId=e3f8db5e-4ee7-4ad8-a23f-2ebea9c48a76&feed=dxZsm5kX
30,liberal,Pod Save America,Biden vs. Trump on January 6th,"Jan 9, 2024","Biden frames the 2024 presidential race as a fight for democracy while Trump and his allies call the insurrectionists “hostages.” Then, Defense Secretary Lloyd Austin is hospitalized without informing the White House, conservatives continue to wage war on the Ivy League, and New York Times congressional correspondent Annie Karni joins to talk about a deal to avoid a potential shutdown and the GOP effort to impeach Biden’s Homeland Security Secretary.

For a closed-captioned version of this episode, click here. For a transcript of this episode, please email transcripts@crooked.com and include the name of the podcast.",https://pdst.fm/e/chrt.fm/track/479722/arttrk.com/p/CRMDA/claritaspod.com/measure/pscrb.fm/rss/p/stitcher.simplecastaudio.com/9aa1e238-cbed-4305-9808-c9228fc6dd4f/episodes/b0b55979-877c-4045-838d-2c8e7965e5e2/audio/128/default.mp3?aid=rss_feed&awCollectionId=9aa1e238-cbed-4305-9808-c9228fc6dd4f&awEpisodeId=b0b55979-877c-4045-838d-2c8e7965e5e2&feed=dxZsm5kX
31,liberal,Pod Save America,Iowa Caucus Countdown with Steve Kornacki,"Jan 4, 2024","Tommy joins Dan from the campaign trail in Iowa to discuss the latest in the GOP primary, Trump's 14th Amendment ballot woes in Maine and Colorado, and Joe Biden's reelection strategy. Then, Dan and NBC News and MSNBC National Political Correspondent Steve Kornacki dig into polling and voter data ahead of the Iowa caucus and New Hampshire primary and look at what the numbers might mean for the 2024 Presidential election.

For a closed-captioned version of this episode, click here. For a transcript of this episode, please email transcripts@crooked.com and include the name of the podcast.",https://pdst.fm/e/chrt.fm/track/479722/arttrk.com/p/CRMDA/claritaspod.com/measure/pscrb.fm/rss/p/stitcher.simplecastaudio.com/9aa1e238-cbed-4305-9808-c9228fc6dd4f/episodes/df91be86-1b6a-4ac0-84b7-5898805124dc/audio/128/default.mp3?aid=rss_feed&awCollectionId=9aa1e238-cbed-4305-9808-c9228fc6dd4f&awEpisodeId=df91be86-1b6a-4ac0-84b7-5898805124dc&feed=dxZsm5kX
32,liberal,Pod Save America,Pollercoaster with Dan Pfeiffer - Preview | Trump leading Biden?,"Dec 28, 2023","Here’s a holiday sneak peek of Crooked's new exclusive series for Friends of the Pod, POLLERCOASTER. In this preview, host Dan Pfeiffer and guest Cornell Belcher (Brilliant Corners Research & Strategies and former pollster for Obama) analyze the latest polls, unpack what it means for Trump to be leading Biden, and explore where former incumbent Presidents Obama, Clinton, and others were at this point in their presidencies. New episodes of Pollercoaster drop every other week, so if you want to hear the rest of the episode (or future ones), be sure to sign up for Friends of the Pod at crooked.com/friends.",https://pdst.fm/e/chrt.fm/track/479722/arttrk.com/p/CRMDA/claritaspod.com/measure/pscrb.fm/rss/p/stitcher.simplecastaudio.com/9aa1e238-cbed-4305-9808-c9228fc6dd4f/episodes/caa31d93-724a-4f33-ac9f-b55f4949c724/audio/128/default.mp3?aid=rss_feed&awCollectionId=9aa1e238-cbed-4305-9808-c9228fc6dd4f&awEpisodeId=caa31d93-724a-4f33-ac9f-b55f4949c724&feed=dxZsm5kX
33,liberal,Pod Save America,Intentions for 2024 with Sam Sanders (Exclusive Clip),"Dec 26, 2023","We're taking a much needed break to gear up for 2024, but we're excited to share an exclusive clip from Friend Of The Pod Sam Sanders' weekly podcast Vibe Check. Each week on Vibe Check, Sam, Saeed Jones, and Zach Stafford make sense of what’s going on in news and culture – and how it all feels.

For a closed-captioned version of this episode, click here. For a transcript of this episode, please email transcripts@crooked.com and include the name of the podcast.",https://pdst.fm/e/chrt.fm/track/479722/arttrk.com/p/CRMDA/claritaspod.com/measure/pscrb.fm/rss/p/stitcher.simplecastaudio.com/9aa1e238-cbed-4305-9808-c9228fc6dd4f/episodes/66c7b8f0-5623-4f4f-ade2-27895757107d/audio/128/default.mp3?aid=rss_feed&awCollectionId=9aa1e238-cbed-4305-9808-c9228fc6dd4f&awEpisodeId=66c7b8f0-5623-4f4f-ade2-27895757107d&feed=dxZsm5kX
34,liberal,Pod Save America,PSA Presents: The 2023 Pundies,"Dec 21, 2023","Welcome to the only award that really matters: The Pundies. Jon, Jon, Tommy, and Dan are joined by Halle Kiefer to decide the worst takes of 2023 (including their own). Then they react to their 2023 new year’s resolutions and make some new ones for 2024. Happy Holidays!

For a closed-captioned version of this episode, click here. For a transcript of this episode, please email transcripts@crooked.com and include the name of the podcast.",https://pdst.fm/e/chrt.fm/track/479722/arttrk.com/p/CRMDA/claritaspod.com/measure/pscrb.fm/rss/p/stitcher.simplecastaudio.com/9aa1e238-cbed-4305-9808-c9228fc6dd4f/episodes/df66c577-2260-4278-bd00-a2f8cba2440f/audio/128/default.mp3?aid=rss_feed&awCollectionId=9aa1e238-cbed-4305-9808-c9228fc6dd4f&awEpisodeId=df66c577-2260-4278-bd00-a2f8cba2440f&feed=dxZsm5kX
35,liberal,Pod Save America,2023 Holiday Mail Bag!,"Dec 19, 2023","Jon, Jon, Tommy, and Dan answer your burning questions about the 2024 election, the future of Democracy, the best album of the year, the Philadelphia ""Tush Push,” and much more!

For a closed-captioned version of this episode, click here. For a transcript of this episode, please email transcripts@crooked.com and include the name of the podcast.",https://pdst.fm/e/chrt.fm/track/479722/arttrk.com/p/CRMDA/claritaspod.com/measure/pscrb.fm/rss/p/stitcher.simplecastaudio.com/9aa1e238-cbed-4305-9808-c9228fc6dd4f/episodes/efadd877-910b-405c-b568-0e8cdabfdc71/audio/128/default.mp3?aid=rss_feed&awCollectionId=9aa1e238-cbed-4305-9808-c9228fc6dd4f&awEpisodeId=efadd877-910b-405c-b568-0e8cdabfdc71&feed=dxZsm5kX
36,liberal,Pod Save America,"No Evidence, No Problem: GOP Votes To Impeach (Live from San Jose!)","Dec 14, 2023","Guest host Addisu Demissie joins Lovett, Tommy, and Dan live in San Jose! Who needs details?! House Republicans unanimously vote to launch an impeachment inquiry into President Biden but have yet to state the official charges or prove any allegations, while Hunter Biden refuses to sit for a closed-door deposition demanded by the GOP. Then California's youngest assembly member, Alex Lee, talks about his battles against tax evasion and unaffordable housing. Plaformer's Zoë Schiffer joins to talk about Elon Musk letting Alex Jones back on Twitter, Silicon Valley giving up on content moderation, and whether the tech bubble is back. Finally we play a round of Silicon Valley trivia and take questions from the audience.

For a closed-captioned version of this episode, click here. For a transcript of this episode, please email transcripts@crooked.com and include the name of the podcast.",https://pdst.fm/e/chrt.fm/track/479722/arttrk.com/p/CRMDA/claritaspod.com/measure/pscrb.fm/rss/p/stitcher.simplecastaudio.com/9aa1e238-cbed-4305-9808-c9228fc6dd4f/episodes/08cde423-dc09-4a98-8c3e-ecf0067afd52/audio/128/default.mp3?aid=rss_feed&awCollectionId=9aa1e238-cbed-4305-9808-c9228fc6dd4f&awEpisodeId=08cde423-dc09-4a98-8c3e-ecf0067afd52&feed=dxZsm5kX
37,liberal,Pod Save America,Can Trump Be Stopped in Iowa?,"Dec 12, 2023","With five weeks to go before the Iowa caucus, Donald Trump takes a historic lead in the latest Des Moines Register poll while Ron DeSantis half-heartedly criticizes him on Twitter. Congress tries and fails to reach an agreement on aid for Ukraine and border security. The president of the University of Pennsylvania resigns after disastrous Congressional testimony on campus antisemitism. A woman flees Texas after the state's abortion ban puts her life in jeopardy. And finally, United Auto Workers union president Shawn Fain sits down with Tommy to discuss the UAW's historic wins and what comes next.

For a closed-captioned version of this episode, click here. For a transcript of this episode, please email transcripts@crooked.com and include the name of the podcast.",https://pdst.fm/e/chrt.fm/track/479722/arttrk.com/p/CRMDA/claritaspod.com/measure/pscrb.fm/rss/p/stitcher.simplecastaudio.com/9aa1e238-cbed-4305-9808-c9228fc6dd4f/episodes/13bf12ea-2740-4bbc-aa48-961f18de8f5f/audio/128/default.mp3?aid=rss_feed&awCollectionId=9aa1e238-cbed-4305-9808-c9228fc6dd4f&awEpisodeId=13bf12ea-2740-4bbc-aa48-961f18de8f5f&feed=dxZsm5kX
38,liberal,Pod Save America,Chris Christie's Last Stand (Live from San Diego!),"Dec 8, 2023","And then there were four. The gloves are off at the fourth GOP debate in Tuscaloosa, Alabama. Chris Christie, current last place candidate (and future Pod Save America co-host) is the only one throwing punches at Donald Trump, while Ron DeSantis and Vivek Ramaswamy set their sights on Nikki Haley. Meanwhile, Trump is planning to use his presidential powers to punish his political enemies and Joe Biden suggests another candidate could also beat Trump. Later, Mayor Todd Gloria joins to talk about his administration’s approach to housing affordability and public safety. And finally, we play Gays vs. Straights: holiday edition.

For a closed-captioned version of this episode, click here. For a transcript of this episode, please email transcripts@crooked.com and include the name of the podcast.",https://pdst.fm/e/chrt.fm/track/479722/arttrk.com/p/CRMDA/claritaspod.com/measure/pscrb.fm/rss/p/stitcher.simplecastaudio.com/9aa1e238-cbed-4305-9808-c9228fc6dd4f/episodes/ace1f0f1-9941-4551-9a48-ec61f29f34f0/audio/128/default.mp3?aid=rss_feed&awCollectionId=9aa1e238-cbed-4305-9808-c9228fc6dd4f&awEpisodeId=ace1f0f1-9941-4551-9a48-ec61f29f34f0&feed=dxZsm5kX
39,liberal,Pod Save America,Is a Trump Dictatorship Inevitable?,"Dec 5, 2023","Donald Trump deflects from his authoritarian impulses by accusing Joe Biden of undermining democracy, while warnings about a second Trump term grow more dire. George Santos gets the boot from Congress while Mike Johnson finds himself in a very similar position to his predecessor Kevin McCarthy. And finally, Strict Scrutiny’s Melissa Murray joins the show to talk about Trump’s flurry of bad legal news.

For a closed-captioned version of this episode, click here. For a transcript of this episode, please email transcripts@crooked.com and include the name of the podcast.",https://pdst.fm/e/chrt.fm/track/479722/arttrk.com/p/CRMDA/claritaspod.com/measure/pscrb.fm/rss/p/stitcher.simplecastaudio.com/9aa1e238-cbed-4305-9808-c9228fc6dd4f/episodes/8dd4eb60-6f51-46ea-8d85-a61be5b26f1f/audio/128/default.mp3?aid=rss_feed&awCollectionId=9aa1e238-cbed-4305-9808-c9228fc6dd4f&awEpisodeId=8dd4eb60-6f51-46ea-8d85-a61be5b26f1f&feed=dxZsm5kX
40,liberal,Pod Save America,Why This Democrat Thinks He Can Beat Joe Biden,"Nov 30, 2023","Trump's lawyers preview a new defense strategy, Nikki Haley lands a big new endorsement, and President Biden fights back on the economy—and hits Lauren Boebert in her own district. Then, Minnesota Rep. Dean Phillips visits the studio for a heated conversation about why he's running against Biden in the Democratic primary, what Democrats should be doing differently, what it would take for him to get out of the race, and of course, the difference between ice cream and gelato. NOTE: the interview with Congressman Phillips has been edited for length and clarity. You can watch the full interview at https://www.youtube.com/@podsaveamerica.

For a closed-captioned version of this episode, click here. For a transcript of this episode, please email transcripts@crooked.com and include the name of the podcast.",https://pdst.fm/e/chrt.fm/track/479722/arttrk.com/p/CRMDA/claritaspod.com/measure/pscrb.fm/rss/p/stitcher.simplecastaudio.com/9aa1e238-cbed-4305-9808-c9228fc6dd4f/episodes/b136fdfb-b39b-43eb-bfe7-abca66ff7284/audio/128/default.mp3?aid=rss_feed&awCollectionId=9aa1e238-cbed-4305-9808-c9228fc6dd4f&awEpisodeId=b136fdfb-b39b-43eb-bfe7-abca66ff7284&feed=dxZsm5kX
41,liberal,Pod Save America,"Biden Secures Temporary Ceasefire, Trump Threatens Obamacare","Nov 28, 2023","As Biden successfully secures a temporary ceasefire in Gaza, Congress attempts to pass an aid package for Israel, Ukraine and Taiwan. But Republicans say they won’t pass anything unless Democrats agree to new demands related to US-Mexico border security. Meanwhile, Nikki Haley and Ron DeSantis are spending super PAC money going after each other in Iowa and New Hampshire. While their biggest competition, Donald Trump, says he is once again set on repealing Obamacare. And finally, George Santos rips into his congressional colleagues ahead of his possible expulsion from the chamber.

For a closed-captioned version of this episode, click here. For a transcript of this episode, please email transcripts@crooked.com and include the name of the podcast.",https://pdst.fm/e/chrt.fm/track/479722/arttrk.com/p/CRMDA/claritaspod.com/measure/pscrb.fm/rss/p/stitcher.simplecastaudio.com/9aa1e238-cbed-4305-9808-c9228fc6dd4f/episodes/2a93654d-f6b2-4cf4-bd27-f3a1f360a969/audio/128/default.mp3?aid=rss_feed&awCollectionId=9aa1e238-cbed-4305-9808-c9228fc6dd4f&awEpisodeId=2a93654d-f6b2-4cf4-bd27-f3a1f360a969&feed=dxZsm5kX
42,liberal,Pod Save America,Inside 2024 - Preview | Favreau + Tommy Talk Election Night,"Nov 23, 2023","Happy holidays from the Pod Save America team! Here’s a special sneak peek of our new subscriber exclusive series Inside 2024. In this preview Jon Favreau and Tommy Vietor take you behind the scenes of election nights like Barack Obama’s 2008 winning campaign. It’s a show we’re really proud of and we hope you enjoy. Producer Caroline Reston moderates. If you want to hear the rest of the episode, or future ones, be sure to sign up for Friends of the Pod at crooked.com/friends.",https://pdst.fm/e/chrt.fm/track/479722/arttrk.com/p/CRMDA/claritaspod.com/measure/pscrb.fm/rss/p/stitcher.simplecastaudio.com/9aa1e238-cbed-4305-9808-c9228fc6dd4f/episodes/38b4e65e-c1c1-4717-b681-c6de62894a5b/audio/128/default.mp3?aid=rss_feed&awCollectionId=9aa1e238-cbed-4305-9808-c9228fc6dd4f&awEpisodeId=38b4e65e-c1c1-4717-b681-c6de62894a5b&feed=dxZsm5kX
43,liberal,Pod Save America,More Democrats Call for a Ceasefire,"Nov 21, 2023","The President says a deal is close that would free hostages in Gaza, while more Democrats in Congress call for a ceasefire or conditions on military aid to Israel. Meanwhile, Biden celebrates his 81st birthday with more bad polling and anxious Democrats. Trump continues his run of bonkers campaign stops in Iowa and Fox News kicks off the holiday season with a meltdown over “woke” Christmas. Then, ProPublica and NPR reporter Andrea Bernstein joins the show to talk about the newly announced Supreme Court ethics code and her podcast about right-wing judicial activist Leonard Leo, “We Don’t Talk About Leonard”. Finally, we kick off a new Thanksgiving tradition and pardon our favorite political turkeys of 2023.

For a closed-captioned version of this episode, click here. For a transcript of this episode, please email transcripts@crooked.com and include the name of the podcast.",https://pdst.fm/e/chrt.fm/track/479722/arttrk.com/p/CRMDA/claritaspod.com/measure/pscrb.fm/rss/p/stitcher.simplecastaudio.com/9aa1e238-cbed-4305-9808-c9228fc6dd4f/episodes/36958215-af95-47ca-8ecc-898e38ccfe5c/audio/128/default.mp3?aid=rss_feed&awCollectionId=9aa1e238-cbed-4305-9808-c9228fc6dd4f&awEpisodeId=36958215-af95-47ca-8ecc-898e38ccfe5c&feed=dxZsm5kX
44,liberal,Pod Save America,First Rule of Republican Fight Club,"Nov 16, 2023","It's apparently Fight Club week on Capitol Hill. GOP Representatives are bidding farewell to decorum and possibly their own sanity as multiple almost-fights break out in Congress. Meanwhile, MAGA Mike Johnson gets his government funding bill passed in both the House and the Senate without any major cuts to spending or fulfilling any of his far-right fantasies. George Santos is no longer running for reelection as a House Ethics Committee investigation finds he spent campaign funds on Botox, Sephora runs and… Only Fans. Plus, Biden is getting advice from progressives about how to campaign on the economy and the New York Times says Trump may be more resilient than other Republicans when it comes to messaging on abortion. Finally, John Della Volpe, pollster and author of ""Fight: How Gen Z is Channeling Their Fear and Passion to Save America,"" joins to talk about the President's struggle with younger voters.

For a closed-captioned version of this episode, click here. For a transcript of…",https://pdst.fm/e/chrt.fm/track/479722/arttrk.com/p/CRMDA/claritaspod.com/measure/pscrb.fm/rss/p/stitcher.simplecastaudio.com/9aa1e238-cbed-4305-9808-c9228fc6dd4f/episodes/ba165adc-e1e0-43a8-a488-24904fd45e51/audio/128/default.mp3?aid=rss_feed&awCollectionId=9aa1e238-cbed-4305-9808-c9228fc6dd4f&awEpisodeId=ba165adc-e1e0-43a8-a488-24904fd45e51&feed=dxZsm5kX
45,liberal,Pod Save America,"Trump Vows to Root Out ""Vermin""","Nov 14, 2023","In an unhinged Veterans Day speech, Trump promises to remove the ""vermin"" who dare to oppose his agenda, while his top advisor outlines a terrifying second-term immigration plan: mass deportations, camps for undocumented immigrants, and enforcement raids by the National Guard. Meanwhile, Democrats are giving Joe Biden a lot of advice he doesn't need, and Tim Scott drops out of the Republican primary. Will it matter?",https://pdst.fm/e/chrt.fm/track/479722/arttrk.com/p/CRMDA/claritaspod.com/measure/pscrb.fm/rss/p/stitcher.simplecastaudio.com/9aa1e238-cbed-4305-9808-c9228fc6dd4f/episodes/a5b82950-17a6-4276-9323-96a07dd2fe4f/audio/128/default.mp3?aid=rss_feed&awCollectionId=9aa1e238-cbed-4305-9808-c9228fc6dd4f&awEpisodeId=a5b82950-17a6-4276-9323-96a07dd2fe4f&feed=dxZsm5kX
46,liberal,Pod Save America,BONUS: Could Trump Still Lose the Nomination? (Live from New Orleans!),"Nov 13, 2023","Guest host Tim Miller joins Jon, Jon, Tommy, and Dan live from New Orleans! A fired-up President Biden campaigns in Illinois, but Jill Stein enters the Presidential race and Joe Manchin announces that he won't seek re-election, making it harder for Democrats to keep the Senate—and possibly the White House—in 2024. State Rep. Mandie Landry and Public Service Commissioner Davante Lewis join the show to talk Louisiana politics. The hosts debate whether Donald Trump really has the GOP nomination on lock. Then, in the home state of porn-monitoring Speaker Mike Johnson, Lovett debuts a new game: Covenant Eyes Are Watching You.

Recorded at The Joy Theater in New Orleans by permission of MVNLA Owner, LLC.",https://pdst.fm/e/chrt.fm/track/479722/arttrk.com/p/CRMDA/claritaspod.com/measure/pscrb.fm/rss/p/stitcher.simplecastaudio.com/9aa1e238-cbed-4305-9808-c9228fc6dd4f/episodes/d721e960-e7d3-4505-b586-a60a1ef52b13/audio/128/default.mp3?aid=rss_feed&awCollectionId=9aa1e238-cbed-4305-9808-c9228fc6dd4f&awEpisodeId=d721e960-e7d3-4505-b586-a60a1ef52b13&feed=dxZsm5kX
47,liberal,Pod Save America,"Major Win for Democrats, Minor Debate for Republicans","Nov 9, 2023","Democrats pull out critical wins for abortion rights in Ohio and Andy Beshear in Kentucky, and deal a big blow to Glenn Youngkin in Virginia. Jon, Dan, and Tommy discuss how Democrats did it, and what it all could mean for Joe Biden next fall. Then, did somebody say ""ship gap""?? The third Republican debate goes in some very odd directions—while the front-runner shows off his own brand of crazy at a Florida rally.

For a closed-captioned version of this episode, click here. For a transcript of this episode, please email transcripts@crooked.com and include the name of the podcast.",https://pdst.fm/e/chrt.fm/track/479722/arttrk.com/p/CRMDA/claritaspod.com/measure/pscrb.fm/rss/p/stitcher.simplecastaudio.com/9aa1e238-cbed-4305-9808-c9228fc6dd4f/episodes/7aa2a3d9-8ead-48e3-80a2-1954ce59a98f/audio/128/default.mp3?aid=rss_feed&awCollectionId=9aa1e238-cbed-4305-9808-c9228fc6dd4f&awEpisodeId=7aa2a3d9-8ead-48e3-80a2-1954ce59a98f&feed=dxZsm5kX
48,liberal,Pod Save America,"Barack Obama on Democracy, Gaza and 2024","Nov 7, 2023","It’s Election Day, with big implications for abortion, democracy, and much more in Ohio, Virginia, Kentucky, and Mississippi. It's also one year out from the 2024 presidential election, and a new set of battleground polls in the New York Times shows Donald Trump ahead of Joe Biden just about everywhere. Meanwhile, Trump takes the stand in his civil fraud case while his advisors draw up plans to use the military against protesters if he wins the election. Then, Barack Obama sits down with Jon, Tommy, Dan and Alyssa Mastromonaco for an expansive conversation on democracy, violence in the middle east, and his memories of winning the presidency fifteen years ago.

For a closed-captioned version of this episode, click here. For a transcript of this episode, please email transcripts@crooked.com and include the name of the podcast.",https://pdst.fm/e/chrt.fm/track/479722/arttrk.com/p/CRMDA/claritaspod.com/measure/pscrb.fm/rss/p/stitcher.simplecastaudio.com/9aa1e238-cbed-4305-9808-c9228fc6dd4f/episodes/f330b507-e4a5-4a0c-ad56-561055649eee/audio/128/default.mp3?aid=rss_feed&awCollectionId=9aa1e238-cbed-4305-9808-c9228fc6dd4f&awEpisodeId=f330b507-e4a5-4a0c-ad56-561055649eee&feed=dxZsm5kX
49,liberal,Pod Save America,Is Trump Losing a Step?,"Nov 2, 2023","Donald Trump's dominance in the early states finally has his Republican rivals and the press pointing out that he's no spring chicken. Meanwhile, MAGA Mike Johnson is embracing his nickname during his first week as Speaker. Plus, George Santos lives to lie another day and RFK Jr. is taking more support from Trump in two new polls.

For a closed-captioned version of this episode, click here. For a transcript of this episode, please email transcripts@crooked.com and include the name of the podcast.",https://pdst.fm/e/chrt.fm/track/479722/arttrk.com/p/CRMDA/claritaspod.com/measure/pscrb.fm/rss/p/stitcher.simplecastaudio.com/9aa1e238-cbed-4305-9808-c9228fc6dd4f/episodes/419fac0b-943b-474c-b431-cf1dd65029b7/audio/128/default.mp3?aid=rss_feed&awCollectionId=9aa1e238-cbed-4305-9808-c9228fc6dd4f&awEpisodeId=419fac0b-943b-474c-b431-cf1dd65029b7&feed=dxZsm5kX
50,liberal,Pod Save America,Ohio's Big Choice (Live from Cleveland!),"Oct 31, 2023","Guest host Alyssa Mastromonaco joins Jon, Jon, Tommy, and Dan live from Cleveland, Ohio. As Israel launches its ground invasion, the war in Gaza continues to shake up U.S. politics. Donald Trump promises to expand his Muslim ban and deport pro-Palestinian protestors, while Joe Biden tries to navigate the views of an increasingly divided Democratic Party. With a little over two months left until the Iowa caucuses, the Republican primary field starts to shrink even if Trump’s lead is growing. Then, Congresswoman Emilia Sykes and Pro-Choice Ohio’s Kellie Copeland join to break down the current state of Ohio politics ahead of next week’s big election that will decide the fate of abortion access in the state.

For a closed-captioned version of this episode, click here. For a transcript of this episode, please email transcripts@crooked.com and include the name of the podcast.",https://pdst.fm/e/chrt.fm/track/479722/arttrk.com/p/CRMDA/claritaspod.com/measure/pscrb.fm/rss/p/stitcher.simplecastaudio.com/9aa1e238-cbed-4305-9808-c9228fc6dd4f/episodes/3be81cfd-d3e0-4a9f-a890-2fd465fe375b/audio/128/default.mp3?aid=rss_feed&awCollectionId=9aa1e238-cbed-4305-9808-c9228fc6dd4f&awEpisodeId=3be81cfd-d3e0-4a9f-a890-2fd465fe375b&feed=dxZsm5kX
51,liberal,Pod Save America,BONUS: Bourbon & Biden (Live from Louisville!),"Oct 30, 2023","Congressman Morgan McGarvey, State Senator Karen Berg, and special guest Perry Bacon Jr. join Jon, Jon, Tommy, and Dan live from Louisville! New Speaker of the House (and possible but unproven short king) Mike Johnson's MAGA bona fides are tested in an interview with Sean Hannity. Kentucky prepares for the November 7th gubernatorial race between Democrat incumbent Andy Beshear and Mitch McConnell mentee, Daniel Cameron. And, Joe Biden gets a primary challenger: Congressman Dean Phillips of Minnesota. Plus, Rep. McGarvey serves up tough questions and samples of the state's bourbon offerings in a segment called ""I'll Drink the Fifth.""

For a closed-captioned version of this episode, click here. For a transcript of this episode, please email transcripts@crooked.com and include the name of the podcast.",https://pdst.fm/e/chrt.fm/track/479722/arttrk.com/p/CRMDA/claritaspod.com/measure/pscrb.fm/rss/p/stitcher.simplecastaudio.com/9aa1e238-cbed-4305-9808-c9228fc6dd4f/episodes/999044e6-0576-45b0-821e-6cf392dbdf9c/audio/128/default.mp3?aid=rss_feed&awCollectionId=9aa1e238-cbed-4305-9808-c9228fc6dd4f&awEpisodeId=999044e6-0576-45b0-821e-6cf392dbdf9c&feed=dxZsm5kX
52,liberal,Pod Save America,What’s a Mike Johnson?,"Oct 26, 2023","And the winner of the House Speaker showdown is ... Congressman Mike Johnson! You probably haven't heard of him, but his resume will sound familiar: election denial, a thirst to end Medicare and Social Security as we know them, a fondness for national abortion bans, and a desire to criminalize gay marriage, among many more MAGA favorites. Former Mueller prosecutor Andrew Weissmann joins the show to break down Donald Trump's week of bad legal news. And then: President Biden is about to face a new primary opponent. Should he be worried?

For a closed-captioned version of this episode, click here. For a transcript of this episode, please email transcripts@crooked.com and include the name of the podcast.",https://pdst.fm/e/chrt.fm/track/479722/arttrk.com/p/CRMDA/claritaspod.com/measure/pscrb.fm/rss/p/stitcher.simplecastaudio.com/9aa1e238-cbed-4305-9808-c9228fc6dd4f/episodes/1deea763-ddcb-45fd-b924-47d3715a6d72/audio/128/default.mp3?aid=rss_feed&awCollectionId=9aa1e238-cbed-4305-9808-c9228fc6dd4f&awEpisodeId=1deea763-ddcb-45fd-b924-47d3715a6d72&feed=dxZsm5kX
53,liberal,Pod Save America,"Rachel Maddow Talks Trump, Biden, and the Speaker-less House","Oct 24, 2023","Special guest Rachel Maddow joins the show to talk about the latest in the Speaker-less House, Trump's legal troubles, and President Biden's message strategy. Then, Maddow discusses her new book, ""Prequel: An American Fight Against Fascism,"" which recounts a long-forgotten chapter of U.S. history that's eerily relevant today.

For a closed-captioned version of this episode, click here. For a transcript of this episode, please email transcripts@crooked.com and include the name of the podcast.",https://pdst.fm/e/chrt.fm/track/479722/arttrk.com/p/CRMDA/claritaspod.com/measure/pscrb.fm/rss/p/stitcher.simplecastaudio.com/9aa1e238-cbed-4305-9808-c9228fc6dd4f/episodes/998cf879-6fae-45c4-98de-4e057aafba29/audio/128/default.mp3?aid=rss_feed&awCollectionId=9aa1e238-cbed-4305-9808-c9228fc6dd4f&awEpisodeId=998cf879-6fae-45c4-98de-4e057aafba29&feed=dxZsm5kX
54,liberal,Pod Save America,John Fetterman and Symone Sanders-Townsend on House Chaos (Live from DC!),"Oct 20, 2023","Senator John Fetterman, Virginia State Senate candidate Jennifer Carroll Foy, and chef José Andrés join Jon, Jon, Tommy, Dan, and guest host Symone Sanders-Townsend live in Washington, DC! Chaos reigns in the House of Representatives as Jim Jordan tries (and fails) to become Speaker. President Biden gives an Oval Office address on democracy and the importance of supporting Israel and Ukraine. And as the rest of the GOP primary candidates flounder, Donald Trump bounces between the courtroom and the golf course. Senator Fetterman gets real about mental health, Andrés ranks Tik Tok food fads, and, Jon, and Tommy announce their new book, coming in June.

For a closed-captioned version of this episode, click here. For a transcript of this episode, please email transcripts@crooked.com and include the name of the podcast.

DEMOCRACY OR ELSE: HOW TO SAVE AMERICA IN 10 EASY STEPS is coming June 4, 2024. Pre-order now at crooked.com/books or wherever books are sold.",https://pdst.fm/e/chrt.fm/track/479722/arttrk.com/p/CRMDA/claritaspod.com/measure/pscrb.fm/rss/p/stitcher.simplecastaudio.com/9aa1e238-cbed-4305-9808-c9228fc6dd4f/episodes/7c1234cf-2c3e-4643-a2c7-3230c713d949/audio/128/default.mp3?aid=rss_feed&awCollectionId=9aa1e238-cbed-4305-9808-c9228fc6dd4f&awEpisodeId=7c1234cf-2c3e-4643-a2c7-3230c713d949&feed=dxZsm5kX
55,liberal,Pod Save America,Speaker Jim Jordan?,"Oct 17, 2023","President Biden prepares to visit Israel as he tries to prevent a wider war and humanitarian crisis in Gaza. Trump’s opponents attack him for criticizing Israel, and Judge Tanya Chutkan hits him with a gag order. Republicans inch closer to making election-denier Jim Jordan Speaker. House Minority Leader Hakeem Jeffries joins to discuss the Democrats’ plan to address the chaos in Congress, and Crooked’s own political expert Shaniqua McClendon drops by to talk about the most important races in 2023.

Get your virtual tickets to Pod Save America live from DC now at MOMENT.CO/PSA.

Correction: the episode states that election day is four weeks away, but it is three weeks away, on November 7th. Visit votesaveamerica.com to learn more.",https://pdst.fm/e/chrt.fm/track/479722/arttrk.com/p/CRMDA/claritaspod.com/measure/pscrb.fm/rss/p/stitcher.simplecastaudio.com/9aa1e238-cbed-4305-9808-c9228fc6dd4f/episodes/e160737b-fb7c-44d1-9f40-ba0dd672eb37/audio/128/default.mp3?aid=rss_feed&awCollectionId=9aa1e238-cbed-4305-9808-c9228fc6dd4f&awEpisodeId=e160737b-fb7c-44d1-9f40-ba0dd672eb37&feed=dxZsm5kX
56,liberal,Pod Save America,"Trump Mocks Israel, Speaker Race in Chaos","Oct 12, 2023","As the crisis in the Middle East deepens, the Republican presidential candidates respond with their best: Donald Trump praises Hezbollah, Tim Scott says Biden ""has blood on his hands,"" and Ron DeSantis tries to make it about the southern border—the American one. Meanwhile, the House GOP still can't agree on a Speaker, ""MAGA Mama Bear"" Kari Lake enters the critical Arizona Senate race, and George Santos and Bob Menendez each get stunning new indictments.

For a closed-captioned version of this episode, click here. For a transcript of this episode, please email transcripts@crooked.com and include the name of the podcast.

Join the World-Wide Digital Experience ""Pod Save America Live from DC"" on October 19 at 8 PM ET with Co-Host Symone Sanders and Special Guests Senator John Fetterman, Chef Jose Andres, and Jennifer Carroll Foy. Tickets: https://www.moment.co/psa",https://pdst.fm/e/chrt.fm/track/479722/arttrk.com/p/CRMDA/claritaspod.com/measure/pscrb.fm/rss/p/stitcher.simplecastaudio.com/9aa1e238-cbed-4305-9808-c9228fc6dd4f/episodes/ed979a90-e180-4020-bb19-53bae0d52658/audio/128/default.mp3?aid=rss_feed&awCollectionId=9aa1e238-cbed-4305-9808-c9228fc6dd4f&awEpisodeId=ed979a90-e180-4020-bb19-53bae0d52658&feed=dxZsm5kX
57,liberal,Pod Save America,"Hamas Makes War, Republicans Play Politics","Oct 10, 2023","Israel has begun a full-scale siege of the Gaza Strip after Hamas launched a surprise attack on Saturday. Republican politicians wasted no time blaming Biden for the attack, despite his administration offering full support for Israel. Meanwhile, the race to be the next Speaker of the House kicks off a busy week. RFK Jr. announces he's dropping out of the 2024 Democratic Primary and launching a third-party bid for president. Later, former Republican Congressman Adam Kinzinger stops by to talk about the chaos his old colleagues in the House have created.

For a closed-captioned version of this episode, click here. For a transcript of this episode, please email transcripts@crooked.com and include the name of the podcast.

Join the World-Wide Digital Experience ""Pod Save America Live from DC"" on October 19 at 8 PM ET with Co-host Symone Sanders and Special Guests Senator John Fetterman, Chef Jose Andres, and Jennifer Carroll Foy.

Tickets: https://www.moment.co/psa",https://pdst.fm/e/chrt.fm/track/479722/arttrk.com/p/CRMDA/claritaspod.com/measure/pscrb.fm/rss/p/stitcher.simplecastaudio.com/9aa1e238-cbed-4305-9808-c9228fc6dd4f/episodes/9d575964-8d54-4dc3-b890-2a53b2e0a789/audio/128/default.mp3?aid=rss_feed&awCollectionId=9aa1e238-cbed-4305-9808-c9228fc6dd4f&awEpisodeId=9d575964-8d54-4dc3-b890-2a53b2e0a789&feed=dxZsm5kX
58,liberal,Pod Save America,Could Trump Become Speaker?,"Oct 5, 2023","Former Trump White House aide Cassidy Hutchinson joins the show to talk about testifying against her former boss, her new book, ""Enough,"" and the current disarray in the House. Then, Dan and Jon talk about the race for a new Speaker. How did we get here, what happens next, and is it somehow all Democrats' fault? At least one Republican is planning to nominate Donald Trump—even as his legal dramas mount.

For a closed-captioned version of this episode, click here. For a transcript of this episode, please email transcripts@crooked.com and include the name of the podcast.

Join the World-Wide Digital Experience ""Pod Save America Live from DC"" on October 19 at 8 PM ET with Co-host Symone Sanders and Special Guests Senator John Fetterman, Chef Jose Andres, and Jennifer Carroll Foy.

Tickets: https://www.moment.co/psa",https://pdst.fm/e/chrt.fm/track/479722/arttrk.com/p/CRMDA/claritaspod.com/measure/pscrb.fm/rss/p/stitcher.simplecastaudio.com/9aa1e238-cbed-4305-9808-c9228fc6dd4f/episodes/4b7cabbf-fe72-4175-bcdb-5371c0199339/audio/128/default.mp3?aid=rss_feed&awCollectionId=9aa1e238-cbed-4305-9808-c9228fc6dd4f&awEpisodeId=4b7cabbf-fe72-4175-bcdb-5371c0199339&feed=dxZsm5kX
59,liberal,Pod Save America,Should Democrats Save Kevin McCarthy?,"Oct 3, 2023","Congress avoids a government shutdown after Kevin McCarthy caves to Democrats at the last possible minute—and now Matt Gaetz is trying to strip McCarthy of the speakership as a result. Will Democrats bail McCarthy out? Donald Trump begins his fraud trial with the unique legal strategy of threatening the judge, Joe Biden frames the 2024 election as extremism vs. democracy, and Gavin Newsom appoints Laphonza Butler as California's newest Senator. Later, Congressional Progressive Caucus Chair Pramila Jayapal joins the show to talk about House Democrats' strategy as the Speaker drama unfolds.

For a closed-captioned version of this episode, click here. For a transcript of this episode, please email transcripts@crooked.com and include the name of the podcast.

Join the World-Wide Digital Experience ""Pod Save America Live from DC"" on October 19 at 8 PM ET with Co-host Symone Sanders and Special Guests Senator John Fetterman, Chef Jose Andres, and Jennifer Carroll Foy.

Tickets: https://www…",https://pdst.fm/e/chrt.fm/track/479722/arttrk.com/p/CRMDA/claritaspod.com/measure/pscrb.fm/rss/p/stitcher.simplecastaudio.com/9aa1e238-cbed-4305-9808-c9228fc6dd4f/episodes/820ede3b-bcba-4a04-9132-1de5d457b4cf/audio/128/default.mp3?aid=rss_feed&awCollectionId=9aa1e238-cbed-4305-9808-c9228fc6dd4f&awEpisodeId=820ede3b-bcba-4a04-9132-1de5d457b4cf&feed=dxZsm5kX
60,liberal,Pod Save America,Trump Wins Another Debate,"Sep 28, 2023","Seven Republicans take the stage for the second primary debate, and they all manage to lose to the guy who isn't there. Jon, Jon, and Dan react to all the canned lines, missed opportunities, and—yes—awkward sex jokes that made this a night to forget. Meanwhile, the front-runner grovels for the UAW endorsement in an appearance at a non-union shop—just a day after being found liable for massive fraud in New York.

For a closed-captioned version of this episode, click here. For a transcript of this episode, please email transcripts@crooked.com and include the name of the podcast.",https://pdst.fm/e/chrt.fm/track/479722/arttrk.com/p/CRMDA/claritaspod.com/measure/pscrb.fm/rss/p/stitcher.simplecastaudio.com/9aa1e238-cbed-4305-9808-c9228fc6dd4f/episodes/6b396129-d0ec-45d5-946f-ea2a6f913311/audio/128/default.mp3?aid=rss_feed&awCollectionId=9aa1e238-cbed-4305-9808-c9228fc6dd4f&awEpisodeId=6b396129-d0ec-45d5-946f-ea2a6f913311&feed=dxZsm5kX
61,liberal,Pod Save America,Is Trump Really Up 10?,"Sep 26, 2023","Trump goes on a crazy spree and demands a shutdown, suggests that America’s top general deserves to be executed, and promises to investigate media outlets if he wins. Meanwhile, his GOP opponents who trail him by more than 40 points prepare to duke it out on the debate stage for the second time. The Washington Post releases an outlier poll that triggers a freakout. House Republicans turn on each other as they bring the government closer to a shutdown. New Jersey Senator Bob Menendez gets indicted for bribery and corruption. And later, Tommy talks to Kal Penn about the youth vote and Hollywood writer’s strike.

For a closed-captioned version of this episode, click here. For a transcript of this episode, please email transcripts@crooked.com and include the name of the podcast.",https://pdst.fm/e/chrt.fm/track/479722/arttrk.com/p/CRMDA/claritaspod.com/measure/pscrb.fm/rss/p/stitcher.simplecastaudio.com/9aa1e238-cbed-4305-9808-c9228fc6dd4f/episodes/9fbd9c1e-3240-404a-ad22-29bb58b51b45/audio/128/default.mp3?aid=rss_feed&awCollectionId=9aa1e238-cbed-4305-9808-c9228fc6dd4f&awEpisodeId=9fbd9c1e-3240-404a-ad22-29bb58b51b45&feed=dxZsm5kX
62,liberal,Pod Save America,Trump's General Election Pivot,"Sep 21, 2023","With the first primaries still months away, Trump skips more debates and pivots to a general election strategy with a primetime speech to autoworkers in Michigan and an attempt to cast himself as more moderate on abortion. Will it work? Then, Politico Congressional correspondent Daniella Diaz joins the show to help make sense of the GOP’s shutdown shit show. Finally, the most divisive topic on Capitol Hill this week: what John Fetterman is allowed to wear.

For a closed-captioned version of this episode, click here. For a transcript of this episode, please email transcripts@crooked.com and include the name of the podcast.",https://pdst.fm/e/chrt.fm/track/479722/arttrk.com/p/CRMDA/claritaspod.com/measure/pscrb.fm/rss/p/stitcher.simplecastaudio.com/9aa1e238-cbed-4305-9808-c9228fc6dd4f/episodes/d86ea433-a1e0-4373-875d-2e67b564ccbc/audio/128/default.mp3?aid=rss_feed&awCollectionId=9aa1e238-cbed-4305-9808-c9228fc6dd4f&awEpisodeId=d86ea433-a1e0-4373-875d-2e67b564ccbc&feed=dxZsm5kX
63,liberal,Pod Save America,"Other Than That Ms. Boebert, How Was The Play?","Sep 19, 2023","The right dials up the heat on Donald Trump as he continues to make potentially incriminating statements. Republicans inch closer to a government shutdown. Mitt Romney takes his Senate exit stage left. Then, Michigan Congresswoman Elissa Slotkin joins the show to discuss the United Auto Workers' strike and her campaign for Senate. And Lauren Boebert is on an ""apology tour"" after the groping and vaping episode that got her booted from a performance of ""Beetlejuice.""

For a closed-captioned version of this episode, click here. For a transcript of this episode, please email transcripts@crooked.com and include the name of the podcast.",https://pdst.fm/e/chrt.fm/track/479722/arttrk.com/p/CRMDA/claritaspod.com/measure/pscrb.fm/rss/p/stitcher.simplecastaudio.com/9aa1e238-cbed-4305-9808-c9228fc6dd4f/episodes/cc4d0ca7-a060-4940-ae7b-d4c2f2457699/audio/128/default.mp3?aid=rss_feed&awCollectionId=9aa1e238-cbed-4305-9808-c9228fc6dd4f&awEpisodeId=cc4d0ca7-a060-4940-ae7b-d4c2f2457699&feed=dxZsm5kX
64,liberal,Pod Save America,Republicans Strap On for Biden Impeachment,"Sep 14, 2023","With just two weeks left to avoid a government shutdown, Kevin McCarthy opens an impeachment inquiry against President Biden, even though Republicans have provided zero evidence that Biden did anything wrong. Trump outlines his radical vision for a potential second term as the President unloads on ""Maganomics."" Then, Representative Jamie Raskin joins to break down the House Democrats' counterattack plan on impeachment. And: strap-ons in the Senate! How a hearing on book bans turned X-rated.",https://pdst.fm/e/chrt.fm/track/479722/arttrk.com/p/CRMDA/claritaspod.com/measure/pscrb.fm/rss/p/stitcher.simplecastaudio.com/9aa1e238-cbed-4305-9808-c9228fc6dd4f/episodes/e4c5f852-6da5-46cd-be81-d06d0b059f9a/audio/128/default.mp3?aid=rss_feed&awCollectionId=9aa1e238-cbed-4305-9808-c9228fc6dd4f&awEpisodeId=e4c5f852-6da5-46cd-be81-d06d0b059f9a&feed=dxZsm5kX
65,liberal,Pod Save America,Is Trump Snoozing on Iowa?,"Sep 12, 2023","Trump shows up in Iowa to flip burgers before a football game, but his allies worry that photo-ops won't be enough to win the Hawkeye State. Republicans in Wisconsin prepare to impeach a judge before she's heard her first case, while their counterparts in DC lurch closer to forcing a government shutdown. Then, constitutional law scholar Laurence Tribe talks to Lovett about why the 14th Amendment might bar Trump from serving another term, and Hallie Kiefer joins the guys to test out the latest in right-wing classroom propaganda.

For a closed-captioned version of this episode, click here. For a transcript of this episode, please email transcripts@crooked.com and include the name of the podcast.",https://pdst.fm/e/chrt.fm/track/479722/arttrk.com/p/CRMDA/claritaspod.com/measure/pscrb.fm/rss/p/stitcher.simplecastaudio.com/9aa1e238-cbed-4305-9808-c9228fc6dd4f/episodes/4a2cfb81-e6a1-4834-a9a9-ea8cb8edd1a5/audio/128/default.mp3?aid=rss_feed&awCollectionId=9aa1e238-cbed-4305-9808-c9228fc6dd4f&awEpisodeId=4a2cfb81-e6a1-4834-a9a9-ea8cb8edd1a5&feed=dxZsm5kX
66,liberal,Pod Save America,Age Against the Machine,"Sep 7, 2023","Does Biden really have an ""age problem""—and how should he solve it? Jon and Dan dive into the latest polling to see why Biden is neck and neck with a guy facing 91 felony counts. Plus, Congress is back in session, and their first order of business is—you guessed it—impeachment! Later, Franklin Foer stops by to talk about his exhaustively reported new book on Biden, ""The Last Politician.""

For a closed-captioned version of this episode, click here. For a transcript of this episode, please email transcripts@crooked.com and include the name of the podcast.",https://pdst.fm/e/chrt.fm/track/479722/arttrk.com/p/CRMDA/claritaspod.com/measure/pscrb.fm/rss/p/stitcher.simplecastaudio.com/9aa1e238-cbed-4305-9808-c9228fc6dd4f/episodes/aad322ff-6cd9-4f84-9480-a6bfe41046e4/audio/128/default.mp3?aid=rss_feed&awCollectionId=9aa1e238-cbed-4305-9808-c9228fc6dd4f&awEpisodeId=aad322ff-6cd9-4f84-9480-a6bfe41046e4&feed=dxZsm5kX
67,liberal,Pod Save America,A Very Online Summer (Friends of the Pod Preview),"Sep 5, 2023","We're off for Labor Day! Please enjoy this exclusive episode of Terminally Online, our new Subscription show and loosest pod here at Crooked Media. Every week Pod Save America hosts are joined by your favorite Crooked producers and staffers to commiserate about being way too online as they make their shows. Get episodes of Terminally Online, ads free Pod Save America and so much more by signing up for Friends of the Pod at crooked.com/friends.",https://pdst.fm/e/chrt.fm/track/479722/arttrk.com/p/CRMDA/claritaspod.com/measure/pscrb.fm/rss/p/stitcher.simplecastaudio.com/9aa1e238-cbed-4305-9808-c9228fc6dd4f/episodes/1f5e26c9-c7be-418b-8ad9-a22e56a489ed/audio/128/default.mp3?aid=rss_feed&awCollectionId=9aa1e238-cbed-4305-9808-c9228fc6dd4f&awEpisodeId=1f5e26c9-c7be-418b-8ad9-a22e56a489ed&feed=dxZsm5kX
68,liberal,Pod Save America,Are Republicans About To Impeach Biden?,"Aug 31, 2023","Friend of the Pod Alyssa Mastromonaco joins Dan to discuss the latest impeachment madness from the Kevin McCarthy, the Right's plan to destroy government as we know it, and whether Trump miiiight be exaggerating about being more popular than Michael Jackson. Then, Hawaii Senator Mazie Hirono joins the show to talk about recovery efforts in Maui, and Alyssa and Dan answer questions from listeners.

To support people impacted by the wildfires in Hawaii, visit the Hawaii Community Foundation, The People’s Fund of Maui, and the Maui Humane Society.",https://pdst.fm/e/chrt.fm/track/479722/arttrk.com/p/CRMDA/claritaspod.com/measure/pscrb.fm/rss/p/stitcher.simplecastaudio.com/9aa1e238-cbed-4305-9808-c9228fc6dd4f/episodes/5732b8c7-210a-43d6-aa60-b81e02f8621e/audio/128/default.mp3?aid=rss_feed&awCollectionId=9aa1e238-cbed-4305-9808-c9228fc6dd4f&awEpisodeId=5732b8c7-210a-43d6-aa60-b81e02f8621e&feed=dxZsm5kX
69,liberal,Pod Save America,Trump Mugshot-enfreude,"Aug 29, 2023","Friend of the pod Addisu Demissie joins to discuss the latest Trump indictment news, including the mugshot seen around the world, Saturday’s horrific hate crime in Florida and Vivek Ramaswamy’s bizarre response, and how abortion access will be a key part of upcoming elections in Pennsylvania, Ohio and Virginia. Then White House Economic Advisor Dr. Heather Boushey stops by to talk about Bidenomics and how the White House is taking on inflation, student loans, and housing prices. And later, Halle Kiefer quizzes Tommy and Addisu on cringe mugshot merch in a game called The Price Is Wrong, Bitch.

For a closed-captioned version of this episode, click here. For a transcript of this episode, please email transcripts@crooked.com and include the name of the podcast.",https://pdst.fm/e/chrt.fm/track/479722/arttrk.com/p/CRMDA/claritaspod.com/measure/pscrb.fm/rss/p/stitcher.simplecastaudio.com/9aa1e238-cbed-4305-9808-c9228fc6dd4f/episodes/f79337bf-7286-42b5-b9e6-47b670b15431/audio/128/default.mp3?aid=rss_feed&awCollectionId=9aa1e238-cbed-4305-9808-c9228fc6dd4f&awEpisodeId=f79337bf-7286-42b5-b9e6-47b670b15431&feed=dxZsm5kX